{
    "d": 20,
    "N": 20,
    "max_size": 5,
    "min_size": 3,
    "frac": 0.2,
    "smooth": 1,
    "d_U": [
        [
            0,
            13,
            15,
            16,
            18
        ],
        [
            0,
            10,
            19,
            17
        ],
        [
            1,
            2,
            13
        ],
        [
            3,
            5,
            14
        ],
        [
            0,
            8,
            13
        ],
        [
            3,
            4
        ],
        [
            6,
            8
        ],
        [
            8,
            11,
            14
        ],
        [
            4,
            9,
            11
        ],
        [
            3,
            8
        ],
        [
            8,
            10,
            11
        ],
        [
            7,
            10,
            13
        ],
        [
            2,
            4,
            12
        ],
        [
            2,
            13,
            14
        ],
        [
            4,
            9,
            12
        ],
        [
            3,
            11
        ],
        [
            1,
            2,
            7
        ],
        [
            1,
            6
        ],
        [
            3,
            10
        ],
        [
            9,
            10,
            12
        ]
    ],
    "constraint": [
        0,
        1
    ],
    "f_list": [
        4,
        2,
        1,
        0,
        3,
        0,
        4,
        2,
        3,
        0,
        4,
        0,
        0,
        3,
        4,
        2,
        4,
        2,
        2,
        2
    ],
    "params": [
        [
            0.9653834727981135,
            0.8701865844248635,
            0.8851319562852951,
            0.6511358536899914,
            0.2893727569803035
        ],
        [
            0.7040541568950668,
            0.7732410334306241,
            0.22924618672805575,
            0.8552913450076486
        ],
        [
            0.4906185000590406,
            0.23282429241813685,
            0.966414199195927
        ],
        [
            0.9225922138860283,
            0.7165374196869366,
            0.5404157432495277
        ],
        [
            0.3670956983622876,
            0.8822714223955519,
            0.7734785029860164
        ],
        [
            0.7672351501992071,
            0.5068387495566843
        ],
        [
            0.040950946241998354,
            0.5582009462337202
        ],
        [
            0.8479418781127848,
            0.5072551221977767,
            0.7419067223185293
        ],
        [
            0.47275874166095366,
            0.5597145715495883,
            0.04613953777981139
        ],
        [
            0.3103801012035382,
            0.8981858139476837
        ],
        [
            0.30875145123726533,
            0.45356167975804906,
            0.5696770582920668
        ],
        [
            0.7654631947416347,
            0.24813170508672255,
            0.07267787938066983
        ],
        [
            0.8597396554684762,
            0.7141862938587074,
            0.7713810571918385
        ],
        [
            0.17081949324470835,
            0.47244399555514405,
            0.45595784038795084
        ],
        [
            0.5033729098009068,
            0.9182928053261598,
            0.9916877772557231
        ],
        [
            0.03164576074369008,
            0.1843336328013927
        ],
        [
            0.8405571911311022,
            0.08757177555718132,
            0.9755121838295032
        ],
        [
            0.704412213094957,
            0.011392056427458663
        ],
        [
            0.6980011647571632,
            0.30861995905128536
        ],
        [
            0.5014511742372034,
            0.13970751367201728,
            0.6035120439937228
        ]
    ],
    "init_points": [
        [
            0.21340532375808974,
            0.28282535280750765,
            0.6960579593584381,
            0.19881005429307252,
            0.2887899368557524,
            0.08688567080227105,
            0.6003917070128219,
            0.23989203008963,
            0.8815488392979066,
            0.5913673217823128,
            0.22175624073328093,
            0.007287197090910857,
            0.11674190367599557,
            0.23053057922759312,
            0.5525120526337026,
            0.19304853404227873,
            0.6827030276243483,
            0.08877730302201714,
            0.3997318577836594,
            0.23658784529377674
        ],
        [
            0.8028610779636016,
            0.12795289583193037,
            0.12060049133327311,
            0.7815206552705452,
            0.3517864802747499,
            0.7872408596879003,
            0.6646937674599344,
            0.08821049310425622,
            0.9710491651109286,
            0.9304672003594456,
            0.8018474258116486,
            0.8383735674469107,
            0.620519983565336,
            0.9200563053473798,
            0.41578751304691375,
            0.893424153636665,
            0.458274300402702,
            0.7817810385699596,
            0.4755996961032476,
            0.6972164881391135
        ],
        [
            0.4326384596988697,
            0.3811974369849733,
            0.6520291817847579,
            0.7817768489867641,
            0.08145499548675228,
            0.26409004715422,
            0.5886448565706346,
            0.29388742701911597,
            0.5810173975155318,
            0.9933941374263746,
            0.8851023690790695,
            0.5776715193494264,
            0.06830054236445438,
            0.8228617546702076,
            0.9516326469836549,
            0.12778403585255582,
            0.6189901451361207,
            0.14824812055787107,
            0.11132020509101603,
            0.36694946578900134
        ]
    ],
    "stats_d_U": {
        "0": 0.0,
        "1": 14.0,
        "2": 6.0,
        "3": 0.0
    }
}