{
    "d": 20,
    "N": 20,
    "max_size": 5,
    "min_size": 3,
    "frac": 0.2,
    "smooth": 1,
    "d_U": [
        [
            2,
            5,
            15,
            16,
            19
        ],
        [
            6,
            18,
            17
        ],
        [
            4
        ],
        [
            8,
            12,
            13
        ],
        [
            3,
            15
        ],
        [
            2,
            8
        ],
        [
            1,
            2
        ],
        [
            8,
            11,
            13
        ],
        [
            7,
            10
        ],
        [
            3,
            13
        ],
        [
            0,
            2,
            10
        ],
        [
            9,
            10,
            12
        ],
        [
            10,
            13,
            15
        ],
        [
            1,
            15
        ],
        [
            1,
            5
        ],
        [
            7,
            12
        ],
        [
            12,
            14
        ],
        [
            3,
            8,
            12
        ],
        [
            2,
            7
        ],
        [
            10,
            11,
            13
        ]
    ],
    "constraint": [
        -1,
        1
    ],
    "f_list": [
        5,
        4,
        2,
        4,
        3,
        5,
        1,
        2,
        2,
        0,
        2,
        2,
        1,
        5,
        3,
        1,
        5,
        5,
        5,
        3
    ],
    "params": [
        [
            -0.9905049913502182,
            -0.2863898375765297,
            -0.5149359674940674,
            0.11077096764706629,
            0.8478693629423641
        ],
        [
            -0.9219054800743902,
            -0.12946768130471598,
            0.3352914474019191
        ],
        [
            -0.8315850064210342
        ],
        [
            0.22393952483629054,
            -0.2618021195652829,
            0.5305407151016472
        ],
        [
            -0.5047698302631127,
            -0.7530095492922502
        ],
        [
            -0.7859148171509276,
            -0.010470573179811815
        ],
        [
            0.12413063497357424,
            -0.5624333803374841
        ],
        [
            0.10159857347145484,
            0.4357053344390607,
            -0.5003940863878207
        ],
        [
            -0.9796701145852644,
            0.6621331634514527
        ],
        [
            0.6873563413508974,
            -0.24463876623102898
        ],
        [
            0.8764875374053562,
            0.6535932018485795,
            -0.3652525044395909
        ],
        [
            0.19638504093452935,
            -0.1917568915325758,
            -0.7662657029205457
        ],
        [
            -0.1750370233633478,
            0.6873166897187308,
            0.04621770806047398
        ],
        [
            0.21680327067451777,
            -0.2802519530426508
        ],
        [
            -0.6483939616672794,
            0.14007808159322388
        ],
        [
            0.10355554693283597,
            0.9122592839193191
        ],
        [
            -0.9812828489706176,
            0.7963096379637828
        ],
        [
            0.851694141124629,
            -0.5187523191162708,
            -0.9086458359256882
        ],
        [
            0.6977195662491522,
            -0.6620478911745094
        ],
        [
            -0.20623164889667023,
            -0.0936035450310424,
            -0.35000213944095204
        ]
    ],
    "init_points": [
        [
            -0.14694493430356448,
            -0.37750640371259414,
            0.0504466219779629,
            -0.9199658509233866,
            0.181938168680998,
            -0.6942259806327744,
            0.9528052002374492,
            0.2912173544553873,
            -0.9841609561745444,
            -0.9218615776013359,
            -0.46053761406594007,
            0.5278727830368899,
            -0.8154713048443045,
            0.3241348267951607,
            0.10315119015759389,
            -0.12693522467497975,
            -0.645325696227208,
            -0.9345611872632329,
            0.024739663353666952,
            0.0292186193626367
        ],
        [
            -0.9701999849911718,
            0.28515129257276417,
            -0.2772575038027134,
            -0.03738528551858167,
            -0.081827041394819,
            0.3951808033655342,
            0.012490410705636945,
            -0.2598959224353501,
            -0.6070063089498041,
            -0.9402377208179249,
            -0.547637908395957,
            0.24361988863189987,
            -0.4837185934091608,
            0.3573892838033397,
            0.8751812363664706,
            -0.48686505143640413,
            0.5476655456704256,
            0.31231687260779006,
            -0.2008293052109429,
            0.41265511154309276
        ],
        [
            -0.44065299364625,
            -0.4012420897011155,
            -0.1990160430693233,
            -0.15259742258864772,
            0.10457480064220004,
            -0.23323719435229173,
            0.710967522436422,
            0.2658776423919422,
            0.8278181400794467,
            -0.2674501229435198,
            0.9693368042509152,
            0.4226189146395085,
            0.5364864970534877,
            0.15616117744564084,
            0.7583851186787767,
            -0.8041556903088078,
            0.5596456205847367,
            0.30418352278437677,
            0.6819830545637493,
            0.7584146680084127
        ]
    ],
    "stats_d_U": {
        "0": 0.0,
        "1": 17.0,
        "2": 3.0,
        "3": 0.0
    }
}