{
    "d": 20,
    "N": 20,
    "max_size": 5,
    "min_size": 3,
    "frac": 0.2,
    "smooth": 1,
    "d_U": [
        [
            1,
            19,
            17
        ],
        [
            2,
            15,
            16,
            18
        ],
        [
            4
        ],
        [
            2,
            6,
            14
        ],
        [
            13
        ],
        [
            0,
            5,
            14
        ],
        [
            2,
            9,
            12
        ],
        [
            0,
            11
        ],
        [
            7
        ],
        [
            8,
            14
        ],
        [
            11,
            12,
            14
        ],
        [
            2,
            8
        ],
        [
            0,
            6
        ],
        [
            5,
            9
        ],
        [
            9,
            10,
            14
        ],
        [
            3,
            6,
            8
        ],
        [
            8,
            11,
            15
        ],
        [
            8,
            11,
            12
        ],
        [
            3,
            8,
            11
        ],
        [
            0,
            10
        ]
    ],
    "constraint": [
        -1,
        1
    ],
    "f_list": [
        5,
        3,
        5,
        5,
        2,
        4,
        4,
        1,
        1,
        1,
        1,
        0,
        1,
        2,
        0,
        2,
        1,
        4,
        0,
        4
    ],
    "params": [
        [
            0.07093651360623476,
            -0.12437149675082138,
            0.9499796245530896
        ],
        [
            -0.3983521484903263,
            -0.8420601812298105,
            0.4537559315921924,
            0.9508482688126465
        ],
        [
            0.5641787544518513
        ],
        [
            -0.5059095758891246,
            -0.9268780287405403,
            -0.18615613717410429
        ],
        [
            0.7555015767845152
        ],
        [
            -0.13601243128542695,
            -0.431827729993566,
            0.8706037717688924
        ],
        [
            0.5445311661941388,
            0.22197301585318452,
            -0.9946458579332094
        ],
        [
            0.8630100673761754,
            0.3476746864676208
        ],
        [
            -0.551066123196579
        ],
        [
            -0.9504938417674185,
            -0.9850633645101623
        ],
        [
            0.854805103068097,
            0.3863056060285355,
            0.4102950812781596
        ],
        [
            0.19212998016231442,
            0.0744713091005953
        ],
        [
            -0.08884287846183425,
            0.20038641836557924
        ],
        [
            0.3081638629729626,
            -0.25392044548057546
        ],
        [
            0.3364679458985542,
            -0.0862307058487839,
            -0.8298663813710225
        ],
        [
            -0.5336524976428254,
            -0.8372565625245221,
            -0.35596532846937645
        ],
        [
            0.22265484039524197,
            -0.26474765322755345,
            0.45245436619084245
        ],
        [
            0.3561188204240251,
            -0.7106177210726445,
            -0.6639149572640402
        ],
        [
            -0.8711291095084881,
            -0.4713344840965681,
            -0.30328649383196327
        ],
        [
            -0.8235035208553345,
            0.20445835379269162
        ]
    ],
    "init_points": [
        [
            0.4287514806224908,
            -0.6855557984240914,
            -0.31572497478556705,
            0.4544998126575628,
            0.3266358484013103,
            0.7089200561860542,
            0.10920677798894873,
            -0.9484870809408346,
            -0.8853587520887989,
            -0.8398778133191327,
            0.03427455265653956,
            0.5102123575665443,
            -0.9354534235878407,
            -0.08662481348289042,
            0.6495954112292937,
            0.3372116955718265,
            0.091835192935809,
            0.17762341919964042,
            0.7929599990440774,
            0.15015562489220802
        ],
        [
            -0.1563615594281107,
            0.40590342157540227,
            -0.28558515177577815,
            0.945823486704805,
            0.7446050197653913,
            -0.6866930172717893,
            0.3682514566109687,
            -0.9318584693900385,
            0.7704145487696792,
            0.6897071672010142,
            0.020255999867856644,
            -0.7446227169186581,
            0.24294607247586608,
            -0.5213259917005106,
            0.2617421341365105,
            0.3874914249722814,
            -0.7874901801316014,
            -0.04610821659569009,
            0.17118676227035112,
            -0.49274858449523684
        ],
        [
            -0.5979794282681223,
            0.27571149903375236,
            0.5214871302092237,
            -0.2817786904347257,
            0.4177951147059884,
            0.17475061604782383,
            0.6191867637119077,
            -0.591855876939342,
            0.592793530718646,
            -0.46718419555802826,
            -0.4034711582217998,
            0.9563443471751241,
            -0.9079728465147765,
            -0.6204927669478439,
            0.04174959030314418,
            -0.24801145823032522,
            -0.5158005834282882,
            0.36910547829464746,
            0.33847392754067096,
            0.9274819900973721
        ]
    ],
    "stats_d_U": {
        "0": 0.0,
        "1": 16.0,
        "2": 4.0,
        "3": 0.0
    }
}