{
    "d": 20,
    "N": 20,
    "max_size": 5,
    "min_size": 3,
    "frac": 0.2,
    "smooth": 1,
    "d_U": [
        [
            0,
            15,
            17,
            18
        ],
        [
            5,
            12,
            19,
            16
        ],
        [
            9,
            12
        ],
        [
            1
        ],
        [
            6,
            12,
            13
        ],
        [
            3,
            6,
            8
        ],
        [
            11
        ],
        [
            4,
            12
        ],
        [
            7,
            9,
            10
        ],
        [
            2,
            6,
            13
        ],
        [
            7,
            8
        ],
        [
            5,
            6
        ],
        [
            5,
            7
        ],
        [
            9,
            13
        ],
        [
            8,
            12
        ],
        [
            12,
            13,
            15
        ],
        [
            4,
            5
        ],
        [
            3,
            15
        ],
        [
            2,
            4,
            14
        ],
        [
            4,
            15
        ]
    ],
    "constraint": [
        0,
        1
    ],
    "f_list": [
        4,
        2,
        1,
        4,
        0,
        2,
        4,
        0,
        3,
        3,
        2,
        4,
        4,
        0,
        3,
        3,
        1,
        5,
        5,
        5
    ],
    "params": [
        [
            0.8603106783434196,
            0.652999760945243,
            0.3442891646989389,
            0.5488492673993047
        ],
        [
            0.8152250407163727,
            0.09861036872281104,
            0.8010748802553047,
            0.04117979132812166
        ],
        [
            0.8164210312143557,
            0.8075638041598735
        ],
        [
            0.051007308828755815
        ],
        [
            0.6271607114618583,
            0.5024530743128972,
            0.16981950317171468
        ],
        [
            0.14837893767737564,
            0.7732591260670232,
            0.5676927488368441
        ],
        [
            0.9829991349165325
        ],
        [
            0.9822477772883441,
            0.9926669934642663
        ],
        [
            0.11861551836576589,
            0.9382561369639623,
            0.2445696090205628
        ],
        [
            0.458212259758612,
            0.7574065558217259,
            0.20362093207723198
        ],
        [
            0.5663116055543299,
            0.1858167482259957
        ],
        [
            0.1047361066812933,
            0.11655861242959853
        ],
        [
            0.3576390348482188,
            0.004654836837183485
        ],
        [
            0.4248539212016895,
            0.664197105081149
        ],
        [
            0.40168818500398873,
            0.08579460051983512
        ],
        [
            0.06268886202364055,
            0.2781165127648617,
            0.16931269054360076
        ],
        [
            0.9650949732179694,
            0.151230224974085
        ],
        [
            0.8054624374049966,
            0.5861079417411448
        ],
        [
            0.5692869199842944,
            0.5120807159237846,
            0.9717630761139511
        ],
        [
            0.3638447750916378,
            0.7879157509538762
        ]
    ],
    "init_points": [
        [
            0.5552941074669596,
            0.39563366762572616,
            0.9554659333057809,
            0.5983159693646871,
            0.11891694214601356,
            0.4175392009968566,
            0.7815817276816076,
            0.6937470232392138,
            0.9163403298365742,
            0.25937738414152023,
            0.7581937163538238,
            0.4598752073945209,
            0.5736097469668154,
            0.955046681006283,
            0.9792863199891774,
            0.8615909639255636,
            0.35909708773029625,
            0.8877008357273198,
            0.638609177641413,
            0.4299967804707131
        ],
        [
            0.035742682500483736,
            0.7701281241915822,
            0.502105580724113,
            0.7861884994650608,
            0.7480227993432699,
            0.7935673680483519,
            0.30065115869676684,
            0.800798599067631,
            0.5488463284661673,
            0.4733262004491432,
            0.6751259138207569,
            0.021358682938348306,
            0.10231681588759423,
            0.292177365167522,
            0.9829901099578396,
            0.13974577886495498,
            0.3305963007592103,
            0.05105306469192361,
            0.3312688802927263,
            0.3203262865108316
        ],
        [
            0.9468071709445222,
            0.8451540869957204,
            0.3827642192427715,
            0.02476905803924867,
            0.8310311139953782,
            0.6605361771445402,
            0.15236448365130972,
            0.9960712710101872,
            0.10023343742412305,
            0.8671145415936629,
            0.294266164129689,
            0.43535346632515703,
            0.7954565267763146,
            0.6775083559940103,
            0.9378643744440391,
            0.6211403254603832,
            0.09781016147905275,
            0.8843603632419503,
            0.7691555249885911,
            0.711870450893322
        ]
    ],
    "stats_d_U": {
        "0": 0.0,
        "1": 19.0,
        "2": 1.0,
        "3": 0.0
    }
}