{
    "d": 20,
    "N": 20,
    "max_size": 5,
    "min_size": 3,
    "frac": 0.2,
    "smooth": 1,
    "d_U": [
        [
            0,
            4,
            17,
            19
        ],
        [
            5,
            10,
            14,
            18,
            16
        ],
        [
            4,
            5
        ],
        [
            7,
            8
        ],
        [
            13
        ],
        [
            7,
            12,
            15
        ],
        [
            0,
            8,
            10
        ],
        [
            2
        ],
        [
            4,
            7
        ],
        [
            3,
            6
        ],
        [
            5,
            11
        ],
        [
            1
        ],
        [
            3,
            9
        ],
        [
            3,
            10
        ],
        [
            4,
            8,
            15
        ],
        [
            0,
            7,
            15
        ],
        [
            8,
            9
        ],
        [
            5,
            15
        ],
        [
            0,
            6
        ],
        [
            6,
            14,
            15
        ]
    ],
    "constraint": [
        -1,
        1
    ],
    "f_list": [
        5,
        3,
        5,
        3,
        2,
        3,
        2,
        5,
        0,
        3,
        3,
        3,
        3,
        2,
        2,
        0,
        2,
        5,
        3,
        0
    ],
    "params": [
        [
            -0.16168720349875798,
            0.9913403872717739,
            0.535110448176654,
            0.5251607563545357
        ],
        [
            0.8444122712813273,
            0.4587709364381858,
            0.6959693801190832,
            -0.19783317185772797,
            -0.19971068209260068
        ],
        [
            0.9140636508496067,
            0.5149872802708104
        ],
        [
            -0.05736909414989988,
            -0.020806739313700362
        ],
        [
            -0.966818495082788
        ],
        [
            -0.5405328220157362,
            -0.057395623805150064,
            -0.4124025210948312
        ],
        [
            0.9636321719279106,
            -0.7689555593658364,
            0.011115993982240502
        ],
        [
            -0.9801748019942833
        ],
        [
            -0.45496322546612133,
            -0.5511382650855237
        ],
        [
            0.21017865038648753,
            0.7744378912186045
        ],
        [
            0.1328869943859896,
            0.28820508929889277
        ],
        [
            -0.4401532357662732
        ],
        [
            -0.38226702240646904,
            -0.0019895144207988658
        ],
        [
            0.13711932695099294,
            0.09265784133119648
        ],
        [
            -0.47990730685920413,
            -0.7080532190856699,
            -0.263255272055519
        ],
        [
            0.5682389630054496,
            0.19226603947537568,
            -0.6362539204029503
        ],
        [
            -0.5335645200550629,
            0.8083844547844112
        ],
        [
            -0.2076243052096336,
            0.707401790120963
        ],
        [
            0.954942194919038,
            -0.2842654014988424
        ],
        [
            -0.9741646344720507,
            0.45557750118403195,
            -0.02912372933087859
        ]
    ],
    "init_points": [
        [
            0.7748436326023211,
            -0.6615418192261961,
            -0.5135048995747602,
            -0.0567165284636415,
            -0.7284484199633763,
            -0.279332003183834,
            -0.9688725505381206,
            0.6035608615706183,
            -0.7985918368356169,
            0.19171588729242073,
            -0.47553737395242424,
            -0.9399700574898922,
            -0.7806096942293541,
            0.39843033574793596,
            0.7821246287095309,
            -0.8906445014861519,
            -0.4371267115730062,
            -0.20313658785213362,
            0.9573652430500463,
            -0.11466410486338052
        ],
        [
            0.6497217530570456,
            -0.4377602478661309,
            -0.06366058494506444,
            0.6517232806311613,
            0.5373841793878489,
            -0.5228679485546643,
            -0.49456502444882156,
            0.09694597026476792,
            0.8760300095953626,
            -0.7601441240480309,
            0.5441239760648688,
            0.47520108962442364,
            0.7015512944652931,
            0.7784007355080731,
            0.7668509134194099,
            0.801831797206414,
            0.9614096803204011,
            -0.3351409184457088,
            0.8580226573532461,
            0.8951206229618398
        ],
        [
            0.29636455705896547,
            0.3291814881425652,
            -0.2828828907076937,
            0.4906078515148846,
            0.20512189107046597,
            0.5726379543613052,
            -0.6929727884900243,
            0.6291853169736392,
            0.44676323701588627,
            0.09189061189584535,
            -0.48056697209818067,
            -0.8046515900453637,
            -0.030333366186668487,
            -0.7107568818509229,
            0.523546334336038,
            0.8491178663506598,
            0.6406426070496194,
            -0.33908218106047316,
            -0.707991302727017,
            -0.984173493420804
        ]
    ],
    "stats_d_U": {
        "0": 0.0,
        "1": 19.0,
        "2": 1.0,
        "3": 0.0
    }
}