{
    "d": 20,
    "N": 20,
    "max_size": 5,
    "min_size": 3,
    "frac": 0.2,
    "smooth": 0,
    "d_U": [
        [
            13,
            18,
            17
        ],
        [
            10,
            16,
            19
        ],
        [
            1,
            12
        ],
        [
            11
        ],
        [
            3,
            12,
            15
        ],
        [
            0,
            3,
            12
        ],
        [
            3,
            6
        ],
        [
            9
        ],
        [
            14,
            15
        ],
        [
            0,
            14
        ],
        [
            5
        ],
        [
            4,
            15
        ],
        [
            1,
            3,
            4
        ],
        [
            7
        ],
        [
            6,
            12
        ],
        [
            0,
            1
        ],
        [
            2,
            8
        ],
        [
            4,
            12
        ],
        [
            0,
            4,
            6
        ],
        [
            1,
            2
        ]
    ],
    "constraint": [
        -1,
        1
    ],
    "f_list": [
        8,
        2,
        6,
        6,
        5,
        7,
        8,
        2,
        2,
        0,
        8,
        1,
        9,
        7,
        5,
        7,
        5,
        6,
        2,
        7
    ],
    "params": [
        [
            0.8524566717810091,
            0.604162574179808,
            -0.46277652037714057
        ],
        [
            0.3982183605572043,
            -0.2714925840458542,
            -0.149948757473922
        ],
        [
            0.4117187966024831,
            0.6109154171876972
        ],
        [
            -0.47289410884642846
        ],
        [
            -0.6524948452168582,
            -0.12020190366311367,
            -0.49680138913670024
        ],
        [
            0.6076907237589044,
            -0.6621742428088928,
            -0.3464488481100898
        ],
        [
            -0.6136007262376382,
            -0.933711509724378
        ],
        [
            0.1679187316443338
        ],
        [
            0.5600675991265116,
            0.6354564979131174
        ],
        [
            0.37693974733743363,
            0.525605579097963
        ],
        [
            -0.11286954915208369
        ],
        [
            -0.7713899029321885,
            -0.4558722434515363
        ],
        [
            0.12147164501425944,
            0.8597612461683848,
            0.3599244747724961
        ],
        [
            -0.6304048551015156
        ],
        [
            -0.07091018813847949,
            0.6748017189216435
        ],
        [
            -0.8064591649874047,
            -0.8416807033864322
        ],
        [
            0.8749755724874355,
            0.7468575074575641
        ],
        [
            -0.14271029457299256,
            0.44808477101752
        ],
        [
            0.5687051828399656,
            -0.3392827764105564,
            -0.12753086363045707
        ],
        [
            0.7213250444508781,
            -0.9732617274006028
        ]
    ],
    "init_points": [
        [
            -0.3233840193726323,
            0.9414220700533245,
            -0.08356014469264972,
            -0.18916243102888952,
            -0.9349095616135432,
            0.4576980900263201,
            0.8821708137289352,
            0.39548295807693723,
            0.3147880016438882,
            0.8640876896706224,
            -0.6919320854001862,
            -0.7919142298677346,
            0.37121903922174493,
            -0.8527067152069563,
            0.8176647956206862,
            0.369714418549723,
            0.5511696804377715,
            0.7959444464812002,
            -0.8347084188408866,
            -0.3260596046340267
        ],
        [
            0.10832915319251368,
            0.7076713162093577,
            0.11197596733411541,
            0.14830061754233315,
            0.14610520668330307,
            0.3314853199938903,
            0.4481925660162336,
            0.37208954718794507,
            -0.7236820053424151,
            0.9812681594760981,
            0.704048118152897,
            -0.05475108654276628,
            0.28690487920662266,
            -0.46541536360111646,
            0.6598189259498264,
            0.20205369162835773,
            -0.47477823355637505,
            0.6816674229148192,
            -0.8030943100588146,
            -0.48968438443476114
        ],
        [
            -0.3251637935515601,
            -0.7516033127408879,
            -0.07139846654246784,
            0.5314628029460846,
            -0.18563676597231904,
            0.3897580810274408,
            -0.6119343387774552,
            0.6540600548518902,
            -0.6590256526057783,
            0.4024973933443976,
            -0.43682144287366276,
            0.6341735438220837,
            0.9292817571298249,
            0.5540520359360834,
            -0.8920748136152141,
            -0.9212239830464253,
            -0.9579690810817401,
            0.8703668669563833,
            -0.6421691454627985,
            0.7086851980798061
        ]
    ],
    "stats_d_U": {
        "0": 0.0,
        "1": 19.0,
        "2": 1.0,
        "3": 0.0
    }
}