{
    "d": 20,
    "N": 20,
    "max_size": 5,
    "min_size": 3,
    "frac": 0.2,
    "smooth": 0,
    "d_U": [
        [
            1,
            17,
            19
        ],
        [
            2,
            15,
            16,
            18
        ],
        [
            4
        ],
        [
            2,
            6,
            14
        ],
        [
            13
        ],
        [
            0,
            5,
            14
        ],
        [
            2,
            9,
            12
        ],
        [
            0,
            11
        ],
        [
            7
        ],
        [
            8,
            14
        ],
        [
            11,
            12,
            14
        ],
        [
            2,
            8
        ],
        [
            0,
            6
        ],
        [
            5,
            9
        ],
        [
            9,
            10,
            14
        ],
        [
            3,
            6,
            8
        ],
        [
            8,
            11,
            15
        ],
        [
            8,
            11,
            12
        ],
        [
            3,
            8,
            11
        ],
        [
            0,
            10
        ]
    ],
    "constraint": [
        -1,
        1
    ],
    "f_list": [
        7,
        2,
        4,
        1,
        1,
        1,
        7,
        9,
        0,
        9,
        0,
        2,
        1,
        4,
        6,
        0,
        6,
        6,
        2,
        8
    ],
    "params": [
        [
            -0.1461912795778526,
            0.6857097756709143,
            0.6360666115116769
        ],
        [
            -0.7951724830951672,
            -0.687233302264074,
            -0.39160261680118436,
            -0.8492818618333193
        ],
        [
            -0.15067399431881423
        ],
        [
            -0.7847645897008362,
            0.13643518733969007,
            -0.5068861203776878
        ],
        [
            0.1928661306992454
        ],
        [
            -0.7649487141927247,
            0.9517677368370667,
            0.8651224077146809
        ],
        [
            -0.2164061228706684,
            -0.5156428117478291,
            -0.49920357429285445
        ],
        [
            -0.033212929595215934,
            -0.9200143961985661
        ],
        [
            0.27941021215025397
        ],
        [
            -0.18339418332051038,
            -0.24518685482222535
        ],
        [
            0.6187299429783968,
            0.41807092036658,
            0.908667630785384
        ],
        [
            -0.29612751900861856,
            0.795085529298811
        ],
        [
            0.5399343725001777,
            -0.2851506968105739
        ],
        [
            0.24333087290651556,
            -0.42286008469660885
        ],
        [
            0.7487998341496847,
            -0.7751453655753775,
            -0.5751312774119179
        ],
        [
            -0.6339334158401577,
            -0.1939479951914227,
            0.49046592006425827
        ],
        [
            0.05381489810436069,
            -0.024647352923584886,
            -0.9989080702060087
        ],
        [
            -0.14919654928989057,
            -0.8728924503276831,
            -0.5834934957570324
        ],
        [
            0.8647878779209888,
            -0.5692035913135236,
            0.716675277268525
        ],
        [
            0.6057867431226684,
            -0.6817075261155143
        ]
    ],
    "init_points": [
        [
            0.21142391454055764,
            -0.7686762561899734,
            0.45577631673902297,
            0.27492455474441324,
            0.6238771233820386,
            -0.04123090122162387,
            0.8297261756667658,
            -0.9013021064231206,
            -0.4142228699459707,
            0.43010519493033406,
            -0.16378157650399827,
            -0.6540972914576872,
            -0.7855785091429079,
            0.6346782229232428,
            -0.053714043068711526,
            0.7645673438382148,
            0.4665782686334521,
            -0.18054758873851284,
            -0.2529779716886327,
            0.03127669330250349
        ],
        [
            0.7781199063794573,
            0.47455715942833576,
            -0.9896940714619535,
            0.3883157027382511,
            0.8390148138116413,
            0.42091151900898316,
            -0.6459884368650082,
            -0.0329637451450826,
            -0.7193679641531612,
            -0.28200944332073585,
            0.8742340838810354,
            0.8466106151174166,
            -0.4343262956478342,
            -0.3207379116676017,
            0.20042573626258786,
            0.92639459052076,
            -0.7043973318692192,
            -0.4861667126266618,
            0.7471136545815429,
            -0.016215536583310985
        ],
        [
            0.7979221844540634,
            -0.6289642049536475,
            0.0653371749427214,
            -0.34746073470125527,
            -0.3669148802150479,
            -0.10624607210760173,
            -0.13384510179746312,
            -0.28530624064409116,
            0.8299415406312372,
            0.46348837086578554,
            0.45509398266305934,
            -0.42017310081608916,
            0.15541884863368072,
            0.5583588666036681,
            0.5911807370864262,
            -0.3109390784913755,
            0.5417455131372957,
            0.47178779361546597,
            -0.7169870287561995,
            0.7318909371329545
        ]
    ],
    "stats_d_U": {
        "0": 0.0,
        "1": 16.0,
        "2": 4.0,
        "3": 0.0
    }
}