{
    "d": 20,
    "N": 20,
    "max_size": 5,
    "min_size": 3,
    "frac": 0.2,
    "smooth": 0,
    "d_U": [
        [
            4,
            7,
            19,
            17
        ],
        [
            13,
            18,
            16
        ],
        [
            1,
            8,
            14
        ],
        [
            5,
            14
        ],
        [
            0,
            3,
            6
        ],
        [
            3,
            10
        ],
        [
            2,
            4,
            5
        ],
        [
            1,
            9,
            12
        ],
        [
            3,
            9
        ],
        [
            4,
            15
        ],
        [
            0,
            10
        ],
        [
            3,
            4
        ],
        [
            6,
            8
        ],
        [
            8,
            11,
            14
        ],
        [
            4,
            9,
            11
        ],
        [
            3,
            8
        ],
        [
            8,
            10,
            11
        ],
        [
            2,
            4,
            12
        ],
        [
            4,
            9,
            12
        ],
        [
            3,
            11
        ]
    ],
    "constraint": [
        -1,
        1
    ],
    "f_list": [
        3,
        6,
        0,
        5,
        6,
        9,
        5,
        4,
        3,
        0,
        5,
        1,
        5,
        1,
        1,
        8,
        7,
        9,
        3,
        5
    ],
    "params": [
        [
            0.0416485442105754,
            0.9943592173168339,
            0.26791178365216783,
            0.16628381317176344
        ],
        [
            0.6565338741495172,
            -0.6958948707824129,
            0.7216595883143115
        ],
        [
            -0.46858292025376347,
            -0.41661021375500007,
            0.35430178311044846
        ],
        [
            -0.7576770862203515,
            -0.6411340741950378
        ],
        [
            0.9402157393809343,
            0.25365337367006546,
            -0.4920562046915853
        ],
        [
            0.7994934759499952,
            -0.30088444846538476
        ],
        [
            -0.6905533621292848,
            0.9606440680743307,
            -0.7683013464123511
        ],
        [
            0.1459915140241983,
            0.5001492216361652,
            0.8627851800064608
        ],
        [
            -0.7799379999038938,
            0.05561045775087203
        ],
        [
            -0.7349653362278192,
            0.544094699038711
        ],
        [
            -0.5914152129816261,
            -0.5465894745734303
        ],
        [
            0.9968880888745213,
            0.6903808712953927
        ],
        [
            0.3010759548722479,
            0.2810356337538389
        ],
        [
            0.19613220485683702,
            0.9042115276209279,
            0.7174998212874304
        ],
        [
            0.22144389352507798,
            -0.7267420725355089,
            -0.26247830550404405
        ],
        [
            0.923108621005527,
            -0.7569235347305361
        ],
        [
            -0.8016730971544008,
            -0.938075131269841,
            0.24496974852119902
        ],
        [
            -0.3696187108992526,
            0.8054527730202397,
            0.9423094889556054
        ],
        [
            -0.47068784775777517,
            0.732906185245523,
            -0.27064081591890377
        ],
        [
            -0.4927852418699874,
            0.19377560734335186
        ]
    ],
    "init_points": [
        [
            0.8253412418926145,
            -0.7297798055322473,
            -0.4985163452306631,
            -0.9259108264202132,
            -0.39554385526909486,
            0.4244166280500008,
            -0.7945314000693537,
            -0.40166701208780786,
            0.1059306493534915,
            0.5822572130782677,
            0.9784105473387181,
            -0.14765349206586542,
            0.04356413139643056,
            0.7458430771903539,
            -0.06284130342862704,
            -0.5722786316614623,
            0.7789405681054233,
            0.4587194451098888,
            -0.24611511687617793,
            -0.02474987873911738
        ],
        [
            -0.596323733177613,
            -0.9091087152561461,
            -0.3534189447150837,
            0.2681682900442983,
            -0.4345595137135465,
            0.970529914230376,
            -0.7973636577416112,
            0.29009279397098076,
            0.09239793499267179,
            -0.993597202981563,
            0.6807693433533453,
            -0.1850630342207571,
            0.02846835831259953,
            0.4507369098047034,
            0.4467472414267968,
            0.5945225397721623,
            -0.771318004075455,
            0.9307669455962271,
            0.740373168849727,
            0.7702639125705901
        ],
        [
            0.30227170737998277,
            -0.421254486039393,
            0.40810831379013357,
            0.5464820668612482,
            -0.5415076265438885,
            0.7105826900152972,
            -0.018762999881918763,
            -0.5343514151637263,
            0.9328283983918539,
            0.8451844277720566,
            0.43307483937387325,
            0.08083148649905536,
            -0.26580860327542477,
            0.7645428447911038,
            0.5469570059720328,
            0.5344703003984141,
            0.013677499113368574,
            -0.9180981075160033,
            0.11640189246744037,
            0.6958837562255695
        ]
    ],
    "stats_d_U": {
        "0": 0.0,
        "1": 14.0,
        "2": 6.0,
        "3": 0.0
    }
}