{
    "d": 20,
    "N": 20,
    "max_size": 5,
    "min_size": 3,
    "frac": 0.2,
    "smooth": 0,
    "d_U": [
        [
            1,
            4,
            16,
            18
        ],
        [
            6,
            19,
            17
        ],
        [
            9,
            13,
            15
        ],
        [
            3
        ],
        [
            7,
            10
        ],
        [
            8,
            12,
            13
        ],
        [
            0
        ],
        [
            5,
            10,
            14
        ],
        [
            4,
            5
        ],
        [
            7,
            8
        ],
        [
            7,
            12,
            15
        ],
        [
            2
        ],
        [
            4,
            7
        ],
        [
            1,
            13
        ],
        [
            5,
            11
        ],
        [
            4,
            8,
            15
        ],
        [
            10,
            12,
            13
        ],
        [
            1,
            11,
            15
        ],
        [
            1,
            7,
            15
        ],
        [
            8,
            9
        ]
    ],
    "constraint": [
        0,
        1
    ],
    "f_list": [
        1,
        0,
        8,
        1,
        7,
        7,
        6,
        0,
        5,
        5,
        6,
        5,
        3,
        3,
        8,
        3,
        9,
        3,
        3,
        6
    ],
    "params": [
        [
            0.952215814760112,
            0.5280819279093862,
            0.8012734198599218,
            0.05029106314738907
        ],
        [
            0.420910135737091,
            0.2569754591527016,
            0.26697589868858995
        ],
        [
            0.7914537299609294,
            0.6238667252688536,
            0.43974531184284804
        ],
        [
            0.010585739586393417
        ],
        [
            0.9649279429455299,
            0.9620232533557238
        ],
        [
            0.21755221028003846,
            0.04134637231655669,
            0.5301993630119022
        ],
        [
            0.9514108146164075
        ],
        [
            0.9103958457649349,
            0.5846628638893966,
            0.3035488506537072
        ],
        [
            0.32996088376919597,
            0.8979135514860276
        ],
        [
            0.49178403563557693,
            0.1311162289671456
        ],
        [
            0.2484254759736073,
            0.2767949014674991,
            0.12354668493190935
        ],
        [
            0.46304438152129135
        ],
        [
            0.916050908274991,
            0.6687825429922609
        ],
        [
            0.07247392424885613,
            0.005494817809162722
        ],
        [
            0.27624766746925433,
            0.3626929347939404
        ],
        [
            0.7767496690467758,
            0.9670055239303667,
            0.38756717342354363
        ],
        [
            0.6866900298168611,
            0.9949019073529632,
            0.7456665838750144
        ],
        [
            0.6361895490858445,
            0.07807485417830429,
            0.32321520119473024
        ],
        [
            0.9133921584571569,
            0.2010054816809057,
            0.8435903592732081
        ],
        [
            0.6963236850805055,
            0.36632437083075464
        ]
    ],
    "init_points": [
        [
            0.5291742697126566,
            0.5428064687528136,
            0.7140537850738863,
            0.5165559410991961,
            0.13307599018416627,
            0.7734546715219126,
            0.4062724969061188,
            0.9630938902119273,
            0.28351378229303437,
            0.2630787802965846,
            0.3335073956751826,
            0.5723170159586255,
            0.8948697402009823,
            0.1762816401400148,
            0.2796787975992202,
            0.5816798431478618,
            0.4543342421615151,
            0.44732288725572533,
            0.8207342620964065,
            0.9238783025113612
        ],
        [
            0.4813069660698819,
            0.6873517954472738,
            0.8010587110273939,
            0.5183664103871639,
            0.29431640895373534,
            0.6380845977222838,
            0.5851091003060592,
            0.9015628197396104,
            0.05240703676985603,
            0.9101313871334668,
            0.5344320281653596,
            0.015676116049913924,
            0.3447021787677881,
            0.7243335638753198,
            0.48843308793583295,
            0.9801590374409924,
            0.42261007383104854,
            0.3266352296260078,
            0.8216719344295681,
            0.5479066993580314
        ],
        [
            0.6823265790625589,
            0.8057023380386775,
            0.6714275461256203,
            0.42240749476866457,
            0.12479644789430067,
            0.5802481665713005,
            0.8974333267292596,
            0.41889242651841496,
            0.9107252348428405,
            0.503527819782402,
            0.6208415624424766,
            0.8329884760556429,
            0.5645971096407215,
            0.0909693392955635,
            0.9809794008003951,
            0.24584930191283372,
            0.7105053286301986,
            0.5051134386177387,
            0.4787726368177081,
            0.24394081886689145
        ]
    ],
    "stats_d_U": {
        "0": 0.0,
        "1": 17.0,
        "2": 3.0,
        "3": 0.0
    }
}