{
    "d": 20,
    "N": 20,
    "max_size": 5,
    "min_size": 3,
    "frac": 0.2,
    "smooth": 0,
    "d_U": [
        [
            8,
            16,
            18
        ],
        [
            11,
            17,
            19
        ],
        [
            1,
            6,
            9
        ],
        [
            2
        ],
        [
            14
        ],
        [
            6,
            13
        ],
        [
            6,
            15
        ],
        [
            5
        ],
        [
            6,
            10
        ],
        [
            0
        ],
        [
            12,
            13
        ],
        [
            4,
            15
        ],
        [
            1,
            7
        ],
        [
            3
        ],
        [
            7,
            10
        ],
        [
            4,
            7
        ],
        [
            9,
            10,
            12
        ],
        [
            10,
            13,
            15
        ],
        [
            1,
            15
        ],
        [
            7,
            12
        ]
    ],
    "constraint": [
        0,
        1
    ],
    "f_list": [
        6,
        0,
        7,
        9,
        3,
        8,
        4,
        4,
        5,
        1,
        6,
        8,
        6,
        1,
        4,
        4,
        9,
        8,
        6,
        2
    ],
    "params": [
        [
            0.9290661572687678,
            0.05352962020731811,
            0.1816223946456883
        ],
        [
            0.11222431582828851,
            0.19333464076691398,
            0.3466078106091718
        ],
        [
            0.5065316826226238,
            0.6294612270091522,
            0.7321422191397015
        ],
        [
            0.8901115413858071
        ],
        [
            0.9890884372297908
        ],
        [
            0.6628564785571198,
            0.845364518667763
        ],
        [
            0.7780388469246989,
            0.30753203921871197
        ],
        [
            0.875692270234923
        ],
        [
            0.042763137947798846,
            0.00036734375145786036
        ],
        [
            0.2737326293884642
        ],
        [
            0.4620975296274499,
            0.6383628950006773
        ],
        [
            0.1017702665445448,
            0.67301013383484
        ],
        [
            0.8018158670596945,
            0.1853129195793668
        ],
        [
            0.41512525483179386
        ],
        [
            0.5199849899533098,
            0.45180701808448065
        ],
        [
            0.7998299308884707,
            0.9605223981193308
        ],
        [
            0.79895316400818,
            0.07799281787582457,
            0.8049355721591271
        ],
        [
            0.06659633223555117,
            0.23597038524157,
            0.1530968968357228
        ],
        [
            0.19751910684608542,
            0.5283151270573506
        ],
        [
            0.6716898576108536,
            0.470321282336041
        ]
    ],
    "init_points": [
        [
            0.9596956390292436,
            0.24029232003016665,
            0.7631402302547929,
            0.8701821785071485,
            0.5620661107547191,
            0.4562225019615531,
            0.5961844467792436,
            0.42880977016034294,
            0.5551938823233694,
            0.4169339521288016,
            0.40046971029413403,
            0.6953464681395298,
            0.09285121306796795,
            0.16654207272882082,
            0.851198471715004,
            0.771077346815188,
            0.2814537272943938,
            0.3772689326657602,
            0.9260265066284805,
            0.8180772251738613
        ],
        [
            0.6143462999796309,
            0.22149017880295774,
            0.04425197131526959,
            0.43125784684189816,
            0.6726271392574619,
            0.8284804905178516,
            0.8526890057422694,
            0.032775901293363385,
            0.24415703383687937,
            0.33909458847740304,
            0.18873221095938586,
            0.8029753783638378,
            0.7674657630849425,
            0.5168330403809708,
            0.9829264779958555,
            0.14405854109084226,
            0.8996517033276689,
            0.11646325416191616,
            0.1631817055141207,
            0.6962192002506188
        ],
        [
            0.10956969204168931,
            0.5658450954187109,
            0.4202335364726536,
            0.7284739655410148,
            0.9006752388088651,
            0.7698715146690553,
            0.8496898764211883,
            0.03294544853123238,
            0.3101954982442031,
            0.5154330866863324,
            0.41595331462977947,
            0.23125495297968846,
            0.3078740979600233,
            0.9454309703916057,
            0.29418087987135155,
            0.35390411017978574,
            0.0037097737500186856,
            0.8450776272778745,
            0.15484070340157663,
            0.20414427551372605
        ]
    ],
    "stats_d_U": {
        "0": 0.0,
        "1": 20.0,
        "2": 0.0,
        "3": 0.0
    }
}